"conversation_id_str","created_at","favorite_count","full_text","id_str","image_url","in_reply_to_screen_name","lang","location","quote_count","reply_count","retweet_count","tweet_url","user_id_str","username"
"1989269304827940972","Fri Nov 14 09:48:55 +0000 2025","4","Masyarakat Adat Suku Tehit mendatangi Kantor Bupati Sorong Selatan Serahkan Aspirasi Selamatkan Hutan Adat dan Tolak Investor Kelapa Sawit https://t.co/1bXECzB4fc lewat @Keuangan News https://t.co/K5ZZ3aRUl0","1989269304827940972","https://pbs.twimg.com/media/G5tN4_hbUAAM5jG.jpg","","in","","0","0","3","https://x.com/undefined/status/1989269304827940972","1226436091617505281",
"1984255313168794025","Fri Oct 31 13:45:06 +0000 2025","66","Sudah berapa ribu bahkan juta hektar hutan yang di rusak atas nama kepentingan negara dan rakyat ujung2nya jadi kebun kelapa sawit. Apa rakyat harus terus di bohongi kah kenapa lahan food estate yg gagal tidak digunakan sudah jadi kebun sawit kah? https://t.co/OOCObtaE0X","1984255313168794025","https://pbs.twimg.com/media/G4l9r3gboAAFxHi.jpg","","in","","1","4","35","https://x.com/undefined/status/1984255313168794025","1276794185425670144",
"1980283383759663580","Mon Oct 20 14:42:05 +0000 2025","3","1 tahun kepemimpinannya Presiden Prabowo telah selamatkan ratusan triliun uang negara. Suatu prestasi nyata karena kepemimpinan yang benar2 mencintai rakyat dan bangsanya. Efisiensi Presiden selamatkan ratusan triliun dari perampokan SDA (migas dan kelapa) sawit ratusan triliun https://t.co/kVCzP7Xxt5","1980283383759663580","https://pbs.twimg.com/amplify_video_thumb/1980283348481134592/img/ByFvFbRD_qewbE2o.jpg","","in","","0","3","0","https://x.com/undefined/status/1980283383759663580","1041255648653062145",
"1989171431532609672","Fri Nov 14 03:20:00 +0000 2025","0","Kelapa sawit sering disalahpahami sebagai sumber masalah padahal kuncinya ada di cara mengelolanya. Ketika dikelola dengan bijak sawit bisa jadi bagian dari solusi: meningkatkan kesejahteraan petani menjaga efisiensi lahan dan mendukung energi berkelanjutan. Sekarang https://t.co/BNxgOLvRJZ","1989171431532609672","https://pbs.twimg.com/media/G5r019ybUAAni7n.jpg","","in","","0","1","0","https://x.com/undefined/status/1989171431532609672","877037322918699008",
"1982036732028793226","Sat Oct 25 10:49:16 +0000 2025","1","Ombudsman RI meluncurkan buku Sawit: Antara Emas Hijau dan Duri Pengelolaan sebagai hasil dari Kajian Sistemik Ombudsman RI terkait pencegahan maladministrasi dalam tata kelola industri kelapa sawit yang digelar di Gedung Ombudsman RI Jakarta Kamis (23/10/2025). Dalam https://t.co/gZQIATak6v","1982036732028793226","https://pbs.twimg.com/amplify_video_thumb/1982036611098382336/img/5vF7Y-3dL-PmdA8n.jpg","","in","","0","0","1","https://x.com/undefined/status/1982036732028793226","125923625",
"1979408230976754116","Sat Oct 18 04:44:32 +0000 2025","0","Menjadi pekebun kelapa sawit yang cerdasberarti tidak hanya fokus pada hasil panen tapi juga pada ketepatan dalam pelaksanaan pedoman norma kerja. Mulai dari pembukaan lahan mineral pembibitan hingga penanaman semua proses harus dilakukan sesuai standar teknis &amp; lingkungan https://t.co/OUkmqp0NfZ","1979408230976754116","https://pbs.twimg.com/amplify_video_thumb/1979407936519544832/img/Tp_bouU2Cf2QIecJ.jpg","","in","","0","0","0","https://x.com/undefined/status/1979408230976754116","2268902413",
"1978692968522371286","Thu Oct 16 05:22:20 +0000 2025","0"," Hak atas Pangan untuk Hidup Bergizi dan Berkelanjutan . Pangan bergizi jadi dasar hidup produktif dan berkelanjutan. Akses pangan cukup untuk semua membuat tubuh dan pikiran tetap sehat. Dari kebun sampai meja makan setiap langkah pengelolaan pangan memengaruhi kualitas hidup https://t.co/q9KXOXhON0","1978692968522371286","https://pbs.twimg.com/media/G3W6w1laAAA2dRG.jpg","","in","","0","0","0","https://x.com/undefined/status/1978692968522371286","2268902413",
"1979457447367778613","Sat Oct 18 08:00:06 +0000 2025","0","Setiap pohon yang pekebun rawat dengan teliti akan tumbuh lebih sehat dan kuat. Kebun yang dirawat dengan hati bukan hanya menghasilkan panen lebih banyak tapi juga menjaga produktivitas. Dengan perawatan tepat panen berkelanjutan bukan sekadar harapan tapi nyata di kebun https://t.co/yJRqylTs70","1979457447367778613","https://pbs.twimg.com/media/G3hyDTcW8AAkvT0.jpg","","in","","0","0","0","https://x.com/undefined/status/1979457447367778613","2268902413",
"1980183454928322984","Mon Oct 20 08:05:00 +0000 2025","2","Presiden Prabowo menghadiri acara penyerahan uang pengganti kerugian negara dalam perkara tindak pidana korupsi fasilitas ekspor crude palm oil (CPO) dan turunannya kepada industri kelapa sawit. Dalam pidatonya Presiden Prabowo menyampaikan apresiasi tinggi kepada seluruh https://t.co/pXgtSnfGfl","1980183454928322984","https://pbs.twimg.com/amplify_video_thumb/1980175782778413056/img/5Xxox9SrNWCBA3u6.jpg","","in","","0","2","1","https://x.com/undefined/status/1980183454928322984","57261519",
"1986689392946343998","Fri Nov 07 06:57:16 +0000 2025","17","Anggota Komisi I DPR RI Fraksi PKS dari Dapil Riau II Syahrul Aidi Maazat menyoroti ketimpangan pembangunan infrastruktur di Riau yang selama ini menjadi penyumbang besar devisa negara dari sektor kelapa sawit. Ia mendesak pemerintah pusat agar memberikan perhatian yang adil https://t.co/sTJdnahpIF","1986689392946343998","https://pbs.twimg.com/amplify_video_thumb/1986689277296844804/img/IcNOapryJyPcrkgP.jpg","","in","","0","0","7","https://x.com/undefined/status/1986689392946343998","91255162",
"1980167111994745249","Mon Oct 20 07:00:03 +0000 2025","226"," Menkeu Purbaya menerima pengembalian dana hasil korupsi industri kelapa sawit di dampingi Presiden Prabowo dan Kejagung sebesar Rp13 2 Triliun Setahun kepemimpinan wowo cuma ngangkat Pak Purbaya jadi Menkeu doang yg bener wkwkk https://t.co/Z2g1gwXVLb","1980167111994745249","https://pbs.twimg.com/ext_tw_video_thumb/1980167079832547328/pu/img/EyQNuqE-Skvda068.jpg","","in","","5","18","62","https://x.com/undefined/status/1980167111994745249","1603276472814567425",
"1979140664081211746","Fri Oct 17 11:01:19 +0000 2025","0","Kalau sawit bisa ngomong mungkin dia bakal curhat begini Sawit juga makhluk hidup yang butuh perhatian dari lahan pupuk sampai perawatan! Rawat sawitmu kayak rawat hubungan: perlu perhatian dan waktuÔ∏è Kalau kamu jadi pohon sawit kira-kira kamu bakal ngomong apa nih? https://t.co/3VfdqstRx3","1979140664081211746","https://pbs.twimg.com/media/G3dR8IeWYAEoyzP.jpg","","in","","0","0","0","https://x.com/undefined/status/1979140664081211746","2268902413",
"1982453496244044279","Sun Oct 26 14:25:20 +0000 2025","0","Sahabat PPKS pernah ngalamin hasil timbangan atau alat ukur beda padahal sampelnya sama? Biasanya itu karena alat belum terkalibrasi. Dengan kalibrasi rutin data yang dipakai lebih akurat dan dipercaya kerja pun lebih efektif hasil lebih maksimal https://t.co/xA4aiQHFTz","1982453496244044279","https://pbs.twimg.com/media/G4MW8OhWAAAa9l1.jpg","","in","","0","0","0","https://x.com/undefined/status/1982453496244044279","2268902413",
"1985973463656321251","Wed Nov 05 07:32:25 +0000 2025","7","Disember 2010 Batu Pahat Johor dikejutkan dengan penemuan mayat seorang remaja perempuan berusia 14 tahun di ladang kelapa sawit. Mangsa ditikam dan disembunyikan di bawah pelepah sawit namun kejutan sebenar muncul apabila siasatan polis mendapati pembunuhnya ialah dua rakan https://t.co/NHpuQYBr5t","1985973463656321251","https://pbs.twimg.com/amplify_video_thumb/1985926090045734914/img/_nnrOhUy-pBXd0UN.jpg","","in","","0","0","0","https://x.com/undefined/status/1985973463656321251","29157016",
"1985900986842693818","Wed Nov 05 02:44:26 +0000 2025","2","waaaw kenapa ya propinsi yg doyan ngebakar hutan buat kelapa sawit dan tukang ekspor asap korup banget.","1985900986842693818","","","in","","0","0","0","https://x.com/undefined/status/1985900986842693818","154478394",
"1975089350250770536","Mon Oct 06 06:42:51 +0000 2025","2","Q and A part 2 bareng Pakar Kopyor !! Hallo Sobat Kopyor balik lagi dengan pertanyaan-pertanyaan dari sobat kopyor nih. Jika usia pohon sudah 4 tahun pertahunnya bisa berapa kali panen? Tulis pertanyaan di kolom komentar siapa tahu pertanyaannya jadi konten selanjutnya !! https://t.co/PhHFGLGDRp","1975089350250770536","https://pbs.twimg.com/amplify_video_thumb/1975089222651645952/img/CnvXQwtGP28_QwkL.jpg","","in","","0","1","0","https://x.com/undefined/status/1975089350250770536","2268902413",
"1983368200252469617","Wed Oct 29 03:00:02 +0000 2025","1","Menguak Rahasia di Balik Kehadiran Minyak Kelapa Sawit di 10 Produk Favorit Anda https://t.co/iby2abyrEp #beritasawit #Sawit #palmoil #infosawitcom #infosawit #sobatani #SahabatKebun #indonesia #sustainablepalmoil #PetaniSawit #Produk #SawitBerkelanjutan #UMKM #SawitRakyat","1983368200252469617","","","in","","0","0","0","https://x.com/undefined/status/1983368200252469617","219549319",
"1989172707783856421","Fri Nov 14 03:25:05 +0000 2025","0","Direktur Utama Badan Pengelola Dana Perkebunan Kelapa Sawit (BPDPKS) Eddy Abdurrachman menegaskan bahwa program biodiesel Indonesia telah menjadi pilar utama dalam menjaga stabilitas industri sawit sekaligus memperkuat ketahanan energi nasional. https://t.co/HAcTiYpSg5","1989172707783856421","","","in","","0","0","0","https://x.com/undefined/status/1989172707783856421","1169861863426818048",
"1977603129421291530","Mon Oct 13 05:11:42 +0000 2025","39","Tersangka perkara dugaan tindak pidana pencucian uang dalam tindak pidana korupsi usaha perkebunan kelapa sawit oleh PT Duta Palma Group yang melarikan diri ke luar Indonesia; di duga berada di Singapura. ---- Mungkin ini salah satu sebab banyak Investor kabur Ke LN. https://t.co/0RCQdSzAvT","1977603129421291530","https://pbs.twimg.com/ext_tw_video_thumb/1977603019618635778/pu/img/R5UorPSxXDfHn4w-.jpg","","in","","1","3","10","https://x.com/undefined/status/1977603129421291530","1316243860280889345",
"1972938368167379125","Tue Sep 30 08:15:37 +0000 2025","1","Mengenang Jasa dan Pengorbanan Pahlawan Revolusi untuk Indonesia . Dalam peristiwa G30S/PKI para pahlawan mempertaruhkan segalanya demi tegaknya bangsa ini. Pengorbanan itu tidak hanya tercatat di buku sejarah tapi hidup di hati setiap anak bangsa yang mencintai Indonesia. https://t.co/dnXRuN36iF","1972938368167379125","https://pbs.twimg.com/media/G2FI_DDa8AADHBu.jpg","","in","","0","0","0","https://x.com/undefined/status/1972938368167379125","2268902413",
"1972293213118730388","Sun Sep 28 13:32:00 +0000 2025","1","Bawa Solusi dan Inovasi PPKS Siap Sapa Sahabat PPKS di Kaltara . PPKS hadir di Pekan Daerah (PEDA) III KTNA Kalimantan Utara 2025 untuk lebih dekat dengan Sahabat PPKS di booth : Halaman Masjid Baitul Islamic Center Tarakan 29 September 3 Oktober 2025 https://t.co/HNGjLigwsm","1972293213118730388","https://pbs.twimg.com/media/G17-OIAakAAbuB9.jpg","","in","","0","0","0","https://x.com/undefined/status/1972293213118730388","2268902413",
"1974306902227235000","Sat Oct 04 02:53:40 +0000 2025","0","Setiap usaha yang akan menjadi besar selalu dimulai dari satu langkah kecil Dan dalam dunia sawit langkah itu dimulai dari benih yang baik. Menurut Sahabat PPKS apa sih tantangan terbesar saat memulai berkebun sawit? Share pendapatmu di komentar ya! #SawitMelesat https://t.co/1J9x79QAFz","1974306902227235000","https://pbs.twimg.com/media/G2YlqHhbMAMw5Xk.jpg","","in","","0","0","0","https://x.com/undefined/status/1974306902227235000","2268902413",
"1989235455733428319","Fri Nov 14 07:34:25 +0000 2025","0","Malaysia berisiko kehilangan nilai eksport hampir RM7 bilion jika aktiviti penanaman semula kelapa sawit yang berusia lebih 25 tahun tidak dilaksanakan secara agresif. Ini kerana pokok-pokok sawit yang tua tidak lagi menghasilkan pengeluaran yang tinggi. https://t.co/12tPpMHbeL","1989235455733428319","https://pbs.twimg.com/ext_tw_video_thumb/1989235388494544896/pu/img/AGGR-M5kBRKCF1oQ.jpg","","in","","0","0","0","https://x.com/undefined/status/1989235455733428319","1056788970724503552",
"1975869219280667088","Wed Oct 08 10:21:46 +0000 2025","1","PPKS dan Pemda Nias Utara Tandatangani Kesepakatan Bersama untuk Sawit Berkelanjutan Mari kita dukung program kerja sama ini untuk keberlanjutan masa depan perkebunan di Indonesia khususnya komoditas kelapa sawit sebagai penyumbang devisa negara terbesar di negeri kita. https://t.co/8RXJBnEvPc","1975869219280667088","https://pbs.twimg.com/media/G2uylEGbcAAzsFa.jpg","","in","","0","0","0","https://x.com/undefined/status/1975869219280667088","2268902413",
"1983523837133390193","Wed Oct 29 13:18:29 +0000 2025","0","PT Jhonlin Agro Raya adalah bagian dari Eshan Agro Sentosa Group. Hadir membawa visi menjadi perusahaan agribisnis terintegrasi dan berkelanjutan. Dengan luas lahan kelapa sawit yang strategis dan pabrik modern PT Jhonlin Agro Raya mengelola produksi dari kebun hingga produk https://t.co/JT81uuQeYf","1983523837133390193","https://pbs.twimg.com/amplify_video_thumb/1983518657457315840/img/aBBNQukEsplptyLf.jpg","","in","","0","0","0","https://x.com/undefined/status/1983523837133390193","902837643024539651",
"1975198865608544610","Mon Oct 06 13:58:01 +0000 2025","2","Setiap hari di kebun selalu ada cerita. Tentang cuaca hasil panen atau perawatan pohon. Kalau semua tercatat pekebun akan lebih mudah tahu apa yang perlu diperbaiki. Nah dengan OPA semua catatan tersimpan rapi dan mudah dibaca sehingga bisa menjadi panduan tepat di kebun https://t.co/IgpH0Vlu1d","1975198865608544610","https://pbs.twimg.com/media/G2lQ5WOawAAZy6_.jpg","","in","","0","1","0","https://x.com/undefined/status/1975198865608544610","2268902413",
"1980515483691675704","Tue Oct 21 06:04:22 +0000 2025","1","PENGUMUMAN!! Tim POS Kecambah Sawit PPKS Hadir di Gunung Mas Kalteng Taman Kota Kuala Kurun Gunung Mas Kalimantan Tengah 22 - 23 Oktober 2025 Di booth PPKS anda bisa ngobrol langsung bersama tim PPKS terkait perkebunan kelapa sawit yang lebih produktif. Yuk ramaikan https://t.co/AjMjcDFOt8","1980515483691675704","https://pbs.twimg.com/media/G3w0VKrXwAA3BQs.jpg","","in","","0","0","0","https://x.com/undefined/status/1980515483691675704","2268902413",
"1981864337708126292","Fri Oct 24 23:24:14 +0000 2025","0","Menentukan Dosis Ideal Tanaman Kelapa Sawit per Hektar https://t.co/UAz5LZPojO","1981864337708126292","","","in","","0","0","0","https://x.com/undefined/status/1981864337708126292","250555040",
"1980550148020412653","Tue Oct 21 08:22:06 +0000 2025","3","PT Putera Bangka Tani bergerak di bidang perkebunan buah kelapa sawit &amp; industri minyak mentah kelapa sawit membuka Loker untuk posisi Tax Officer. Batas akhir Berkas 27 Oktober 2025. Pendafatan di Link:¬†https://t.co/TbxNJJjHHi https://t.co/TWHoFvNF6y #disnakerbabel https://t.co/KWx2oJL8Em","1980550148020412653","https://pbs.twimg.com/media/G3xT21YWgAAY2nr.jpg","","in","","0","1","3","https://x.com/undefined/status/1980550148020412653","730216604248604672",
"1989224736099037500","Fri Nov 14 06:51:49 +0000 2025","0","Aku ikhlas dalam nikmat duniawi bakar rokok bakar jembatan dan kelapa sawit","1989224736099037500","","","in","","0","0","0","https://x.com/undefined/status/1989224736099037500","1063815495835512832",
"1971509015638339707","Fri Sep 26 09:35:52 +0000 2025","1","26 September momentum berharga bagi kita semua untuk terus berkomitmen dalam disiplin berkarya bersatu dalam kebersamaan dan membangun PPKS yang berdaya Mari kita jadikan semangat inovasi &amp; kolaborasi sebagai landasan dalam mewujudkan kemajuan dan keberlanjutan sawit Indonesia https://t.co/HC9QszJIAH","1971509015638339707","https://pbs.twimg.com/media/G1w0_zybsAAsFQd.jpg","","in","","0","0","0","https://x.com/undefined/status/1971509015638339707","2268902413",
"1981252242973086114","Thu Oct 23 06:51:59 +0000 2025","54","Rephrased to make it Islamic Banking: Kira-kira 45.8% pasangan di Malaysia yang merancang untuk berkahwin terlibat dalam urusan berjual beli kelapa sawit bagi menampung kos perkahwinan menyebabkan ramai terbeban dengan komitmen kewangan sebelum rumah tangga bermula.","1981252242973086114","","","in","","0","1","9","https://x.com/undefined/status/1981252242973086114","310138528",
"1980166431355674993","Mon Oct 20 06:57:21 +0000 2025","11","1 Tahun Pemerintahan Prabowo Saksikan Penyerahan Uang Sitaan Rp13 T Presiden Prabowo menyaksikan penyerahan uang pengganti kerugian negara dalam kasus ekspor minyak kelapa sawit atau CPO senilai Rp13.255.244.538.149 00. Uang tersebut diserahkan langsung dari Jaksa Agung ST https://t.co/TkXNO9N6uE","1980166431355674993","https://pbs.twimg.com/amplify_video_thumb/1980165436365774848/img/b28vp2OFKKsijxio.jpg","","in","","1","2","3","https://x.com/undefined/status/1980166431355674993","68930552",
"1979863623460945982","Sun Oct 19 10:54:06 +0000 2025","0","Wagub Jihan Nurlela Resmikan Pabrik Kelapa Sawit PT. Pesona Sawit Makmur di Sekampung Udik Lampung Timur Diharapkan Serap Tenaga Kerja dan Perkuat Perekonomian Daerah https://t.co/Z1IiYScghB https://t.co/6UMmMnLn7l","1979863623460945982","https://pbs.twimg.com/media/G3njeRZXwAAA-E3.jpg","","in","","0","0","0","https://x.com/undefined/status/1979863623460945982","890394175035777024",
"1986371560605950403","Thu Nov 06 09:54:19 +0000 2025","4","Salah satu ancaman terbesar pengembangan kelapa sawit adalah serangan OPT terutama penyakt Ganoderma. Kalau tidak bisa diatasi dalam 15-20 tahun kedepan maka tahun 2060-2070 kelapa sawit di Indonesia bisa sudah tidak ada lagi atau punah https://t.co/etVkAt8K5M","1986371560605950403","https://pbs.twimg.com/media/G5ECaHPbIAIWRih.jpg","","in","","0","1","4","https://x.com/undefined/status/1986371560605950403","1920672600067584000",
"1988999666617446738","Thu Nov 13 15:57:29 +0000 2025","1","Cubaan seleweng tong gas LPG di ladang kelapa sawit gagal https://t.co/tW3Nb1KPt8","1988999666617446738","","","in","","0","0","0","https://x.com/undefined/status/1988999666617446738","155432431",
"1985700833397444690","Tue Nov 04 13:29:05 +0000 2025","6","Mayat wanita reput ditemukan bawah pelepah kelapa sawit di Bentong https://t.co/fjW3RWSjgv","1985700833397444690","","","in","","1","0","1","https://x.com/undefined/status/1985700833397444690","155432431",
"1980881741561884873","Wed Oct 22 06:19:44 +0000 2025","1","Ketahui Efektivitas Antioksidan Produkmu Melalui Uji IC‚ÇÖ‚ÇÄ Tersedia analisa pada sampel : ekstrak herbal bahan pangan kosmetik alami suplemen dll. Untuk informasi lebih lanjut silahkan hubungi 081381509912 (Fira) atau 08116080121 (Ika) https://t.co/7tTzVarGA2","1980881741561884873","https://pbs.twimg.com/media/G32BcPTXwAA9_fA.jpg","","in","","0","0","0","https://x.com/undefined/status/1980881741561884873","2268902413",
"1976501786317029789","Fri Oct 10 04:15:22 +0000 2025","1","PPKS Terima Kunjungan dari PT Agrinas Palma Nusantara di Marihat Sinergi antara PPKS dan PT Agrinas Palma Nusantara ini diharapkan memperkuat pengembangan bibit unggul nasional dan mendukung program tanam sawit berkelanjutan di Indonesia. . PPKS Berkarya Sawit Indonesia Berjaya https://t.co/vtCTYJ4dZ9","1976501786317029789","https://pbs.twimg.com/media/G23x5XYakAAfs9g.jpg","","in","","0","0","0","https://x.com/undefined/status/1976501786317029789","2268902413",
"1971438567928070484","Fri Sep 26 04:55:56 +0000 2025","0","109 Tahun Terus Melangkah untuk Sawit Berkelanjutan PPKS genap 109 tahun. Sebuah cerita disiplin dalam berkarya kebersamaan yang terjaga dan komitmen membangun sawit berdaya bagi Indonesia Perjalanan berikutnya kita lanjutkan bersama demi masa depan sawit yang lebih baik. https://t.co/JkpIBsAOUD","1971438567928070484","https://pbs.twimg.com/media/G1v07JdbwAAPxCm.jpg","","in","","0","0","0","https://x.com/undefined/status/1971438567928070484","2268902413",
"1971469248318013467","Fri Sep 26 06:57:51 +0000 2025","0","Selamat Ulang Tahun ke-109 untuk Pusat Penelitian Kelapa Sawit (PPKS) Semoga semakin maju inovatif membangun masa depan yang gemilang dan terus jadi pelopor inovasi untuk sawit &amp; perkebunan Indonesia. Follow &amp; stay tuned untuk cerita perjalanan PPKS dan Kopyor Bogor https://t.co/1ZGaNygZNU","1971469248318013467","https://pbs.twimg.com/amplify_video_thumb/1971469146639695872/img/DsNcXl7fDv70aPZC.jpg","","in","","0","0","0","https://x.com/undefined/status/1971469248318013467","2268902413",
"1970801396439306601","Wed Sep 24 10:44:03 +0000 2025","1","Petani Pahlawan Pangan yang Selalu Ada untuk Kita . Kerja keras mereka bukan sekadar menghasilkan panen tapi juga menumbuhkan kebaikan di kehidupan kita. . Terima kasih para petani Indonesia. Bersama PPKS mari terus dukung pertanian dan perkebunan yang berkelanjutan. https://t.co/qC2tCwlMsY","1970801396439306601","https://pbs.twimg.com/media/G1mxaz5aEAATrGb.jpg","","in","","0","0","0","https://x.com/undefined/status/1970801396439306601","2268902413",
"1971393247013749009","Fri Sep 26 01:55:51 +0000 2025","1"," Selamat Ulang Tahun PPKS ke-109 Dengan semangat Disiplin dalam Berkarya Bersatu dalam Kebersamaan Membangun PPKS Berdaya mari kita terus melangkah maju mendidik melayani dan mendampingi demi sawit Indonesia yang unggul dan berkelanjutan. #SawitMelesat https://t.co/LXGKlTFtQ3","1971393247013749009","https://pbs.twimg.com/media/G1vLtHTaAAQKoGm.jpg","","in","","0","1","1","https://x.com/undefined/status/1971393247013749009","2268902413",
"1970485840355959167","Tue Sep 23 13:50:08 +0000 2025","1","Pulih Bangkit dan Tumbuh Bersama PPKS untuk Sawit Negeri . PPKS hadir lebih dari 100 tahun. Kami meneliti berinovasi dan mendampingi pekebun di lapangan. Dari riset lahir benih unggul pupuk hayati dan teknologi ramah lingkungan. Semua untuk masa depan sawit Indonesia https://t.co/C1sCcyAs8F","1970485840355959167","https://pbs.twimg.com/media/G1iSbFtaoAQ6rvW.jpg","","in","","0","0","0","https://x.com/undefined/status/1970485840355959167","2268902413",
"1970065025294622860","Mon Sep 22 09:57:58 +0000 2025","1","PPKS di IPOSC Expo 2025! Jangan lewatkan Booth PPKS No.31 tempatnya inovasi riset sawit &amp; konsultasi langsung dengan ahli 24 25 Sept:Expo &amp; konsultasi 26 Sept:Field Trip Spesial ke Kebun PPKS Parindu bertepatan dengan HUT PPKS ke-109 Jadilah bagian sawit Indonesia maju! https://t.co/cmFca3uSdn","1970065025294622860","https://pbs.twimg.com/media/G1cTsU_bQAARrNf.jpg","","in","","0","0","0","https://x.com/undefined/status/1970065025294622860","2268902413",
"1971243972451528713","Thu Sep 25 16:02:41 +0000 2025","0","Dari sebuah langkah kecil PPKS tumbuh bersama perjalanan sawit Indonesia. Setiap tahun membawa cerita. Setiap doa dan dukungan menjadi energi yang membuat kami terus berdaya. Perjalanan panjang ini tidak terwujud tanpa kebersamaan dan semangat dari kita semua. https://t.co/MV4I8rxB3j","1971243972451528713","https://pbs.twimg.com/media/G1tD8PGXgAA21gA.jpg","","in","","0","0","0","https://x.com/undefined/status/1971243972451528713","2268902413",
"1980209572846694605","Mon Oct 20 09:48:47 +0000 2025","8","Dalam rangkaian acara penyerahan uang hasil sitaan dari perkara korupsi terkait fasilitas ekspor CPO dan produk turunannya pada industri kelapa sawit tahun 2022 yang digelar di Gedung Kejaksaan Agung Jakarta Selatan pada Senin (20/10/2025) terjadi momen menarik. Menteri https://t.co/FbtorODkMY","1980209572846694605","https://pbs.twimg.com/amplify_video_thumb/1980209501585223680/img/0GvU4_pDL-v8iXF7.jpg","","in","","0","0","1","https://x.com/undefined/status/1980209572846694605","46693036",
"1984151224833470925","Fri Oct 31 06:51:30 +0000 2025","0","Dua rakan dipenjara 18 tahun sebabkan kematian lelaki dekat kebun kelapa sawit https://t.co/zPX4MLGAHB","1984151224833470925","","","in","","0","0","0","https://x.com/undefined/status/1984151224833470925","822514562",
"1981486156152791050","Thu Oct 23 22:21:28 +0000 2025","0","Untuk komoditas kelapa sawit Indonesia masih mendominasi. Sayangnya meski punya segudang potensi produk turunan peran UMKM dan koperasi masih belum maksimal. #Ekonomi #AdadiKompas https://t.co/1MD3TfDuZ0","1981486156152791050","","","in","","0","0","0","https://x.com/undefined/status/1981486156152791050","155456716",
"1978635538115477807","Thu Oct 16 01:34:08 +0000 2025","1","Kapan lagi nikmati suasana malam yang syahdu ditemani segarnya kopyor favorit sobat Kios Kopyor Jam buka : 09.00 21.00 WIB Jl. Jabaru II No.21 Pasirkuda Ciomas Bogor Yuk mampir ke Kios Kopyor dan cobain kopyor aslinya Bogor! Kopyor Bogor 100% Asli Kopyor https://t.co/3aka2QUeOD","1978635538115477807","https://pbs.twimg.com/media/G3WGhxdakAA0yIH.jpg","","in","","0","0","0","https://x.com/undefined/status/1978635538115477807","2268902413",
"1980245361613775176","Mon Oct 20 12:11:00 +0000 2025","47","UANG SITAAN KEJAKSAAN AGUNG Ini bernilai 13 2 triliun. Uang pengganti kerugian negara dalam tindak pidana fasilitas ekspor CPO dan turunannya kepada industri kelapa sawit. Apalagi 1000 triliun Pertamina. Apa kabar? -- Jule RITUALANAKMUDA Carmen Senin Nomor Registrasi https://t.co/e5q6g5V6eS","1980245361613775176","https://pbs.twimg.com/ext_tw_video_thumb/1980245325030817792/pu/img/JMpuWfeYceSpwn-g.jpg","","in","","4","10","18","https://x.com/undefined/status/1980245361613775176","975389335775199232",
"1986309393227677816","Thu Nov 06 05:47:17 +0000 2025","0","Fransiskus Diaan Tegaskan Pentingnya Pengembangan Perkebunan Kelapa Sawit yang Berkelanjutan https://t.co/ocRsDru6N8","1986309393227677816","","","in","","0","0","0","https://x.com/undefined/status/1986309393227677816","584835300",
"1986371560605950403","Thu Nov 06 09:54:54 +0000 2025","2"," Ganoderma berkembang biak lewat spora di dalam tanah. Seperti kapal selam yang tidak terlihat dipermukaan tetapi berbahaya Ganoderma juga tidak kelihatan tetapi tiba-tiba menyebar banyak tanaman kelapa sawit tumbang. katanya. https://t.co/hMqDRcC2zj","1986371706802618393","https://pbs.twimg.com/media/G5ECinSbIAAb-Xd.jpg","BintangBuanaAru","in","","0","1","2","https://x.com/undefined/status/1986371706802618393","1920672600067584000",
"1985673529141182541","Tue Nov 04 11:40:36 +0000 2025","4","#Kuantan Mayat wanita dalam keadaan reput ditemukan di bawah longgokan pelepah kelapa sawit di sebuah kebun kelapa sawit di Batu 19 Jalan Karak-Kuala Pilah Telemong semalam. https://t.co/X7z5fPYPMS","1985673529141182541","","","in","","0","0","4","https://x.com/undefined/status/1985673529141182541","63070015",
"1977285335840440797","Sun Oct 12 08:08:54 +0000 2025","2","Terima kasih Sahabat PPKS yang telah menjadi pengikut setia media sosial kami . Atas dukungan para sahabat PPKS halaman Facebook PPKS @ppks.id telah mendapatkan 100.000 followers Kami terus berkomitmen untuk memberikan cerita inspirasi dan edukasi kelapa sawit negeriüáÆüá© https://t.co/IvjrOBEIxs","1977285335840440797","https://pbs.twimg.com/media/G3C6hnvbwAAUA_Z.jpg","","in","","0","0","0","https://x.com/undefined/status/1977285335840440797","2268902413",
"1983046455825678354","Tue Oct 28 05:41:32 +0000 2025","0","Penertiban lahan perkebunan kelapa sawit perlu dilihat sebagai pembenahan kawasan. Pembenahan itu tak bisa dilakukan sendiri melainkan kolaborasi semua pihak. #Ekonomi #AdadiKompas https://t.co/AxCqfF6Ph0","1983046455825678354","","","in","","0","0","0","https://x.com/undefined/status/1983046455825678354","155456716",
"1982964549813973352","Tue Oct 28 00:16:05 +0000 2025","0","Mengenal Pola Daun dan Cara Hitung Pelepah pada Kelapa Sawit https://t.co/JPsZziFeK8 #beritasawit #Sawit #palmoil #infosawitcom #infosawit #SahabatKebun #Malaysia #Agronomi #GAP #AgriculturalPractices #Produktivitas #pelepahsawit","1982964549813973352","","","in","","0","0","0","https://x.com/undefined/status/1982964549813973352","219549319",
"1980136013663191462","Mon Oct 20 04:56:29 +0000 2025","7","Presiden Prabowo Subianto menyaksikan penyerahan uang pengganti kerugian negara dalam tipikor pemberian fasilitas ekspor CPO dan turunannya pada industri kelapa sawit¬†tahun¬†2022 di Kejaksaan Agung¬†RI Senin (20/10) siang. Hub @prabowo @KemensetnegRI #BeritaElshinta https://t.co/rACRYkRqgd","1980136013663191462","https://pbs.twimg.com/amplify_video_thumb/1980135488267632640/img/VvKvF-cqlXRya8l2.jpg","","in","","0","1","5","https://x.com/undefined/status/1980136013663191462","121640063",
"1968255535633031197","Wed Sep 17 10:07:42 +0000 2025","1","Perjalanan PPKS untuk menjaga keberlanjutan sawit Indonesia memang penuh tantangan tapi selalu ada harapan yang tumbuh. Berkat dukungan anda industri sawit terus berkembang dan maju. Kami pun berkomitmen menghadirkan inovasi riset terbaik demi menjaga produktivitas kebun sawit. https://t.co/85Apby9PIq","1968255535633031197","https://pbs.twimg.com/media/G1Cl-JJbkAAEmkX.jpg","","in","","0","0","0","https://x.com/undefined/status/1968255535633031197","2268902413",
"1965189844268974484","Mon Sep 08 23:05:44 +0000 2025","1","Booth PPKS hadir di acara Organic Agriculture in the Tropics (OrgaTrop) 2025 pada tanggal 1-4 September 2025 di Kota Yogyakarta. OrgaTrop berfokus pada pembahasan tantangan-tantangan yang ada dalam pengelolaan pertanian organik. https://t.co/VJGvlPFojd","1965189844268974484","https://pbs.twimg.com/amplify_video_thumb/1965189612927844352/img/gSdTG6L2-x4gVvtR.jpg","","in","","0","0","0","https://x.com/undefined/status/1965189844268974484","2268902413",
"1964181057634525316","Sat Sep 06 04:17:11 +0000 2025","1","Tanaman Muda Harapan Besar Sebelum menghasilkan kelapa sawit butuh perhatian ekstra. Mulai dari pemupukan pengendalian gulma hingga pengendalian hama adalah investasi agar sawit tumbuh sehat dan produktif. Karena hasil yang baik dimulai dari pemeliharaan yang tepat. https://t.co/OHOgXuS4WZ","1964181057634525316","https://pbs.twimg.com/amplify_video_thumb/1964180500593201152/img/p0BV33rOnBsAwjJf.jpg","","in","","0","1","0","https://x.com/undefined/status/1964181057634525316","2268902413",
"1965191338611409163","Mon Sep 08 23:11:41 +0000 2025","0","kenapa iklim terus yang disalahkan? Padahal iklim bukan musuh Sahabat PPKS. Kalau kita memahami kondisi iklim kita bisa beradaptasi antisipasi dan bahkan mitigasi risiko yang muncul. PPKS hadir untuk mendampingi pekebun menuju pertanian presisi dan berkelanjutan. https://t.co/qyUSWHI34p","1965191338611409163","https://pbs.twimg.com/amplify_video_thumb/1965191171170598912/img/jekKdSvN6Dwqe487.jpg","","in","","0","0","0","https://x.com/undefined/status/1965191338611409163","2268902413",
"1965190437339365830","Mon Sep 08 23:08:06 +0000 2025","1","Lahan gambut bisa tetap produktif kalau dikelola dengan tepat. Salah satu caranya adalah dengan mengembalikan keseimbangan mikroba tanah melalui pemanfaatan hayati . Dengan begitu Struktur tanah jadi lebih seimbang. Akar sawit kuat. Serapan hara lebih maksimal. https://t.co/27Ga2nxB54","1965190437339365830","https://pbs.twimg.com/media/G0XCR1ibMAEFtHL.jpg","","in","","0","0","0","https://x.com/undefined/status/1965190437339365830","2268902413",
"1964226566994419843","Sat Sep 06 07:18:01 +0000 2025","0","KABAR GEMBIRA!! PPKS kembali hadir pada acara pameran di Kalimantan Timur! Balikpapan Sport and Convention Center (BSCC) Kalimantan Timur 8-10 September 2025 Yuk kunjungi stand kami di BSCC Dome Kalimantan Timur dengan No. booth 37. Kami tunggu kedatangan Sahabat PPKS!! https://t.co/IWSGJxTN8k","1964226566994419843","https://pbs.twimg.com/media/G0JVojvasAAfyma.jpg","","in","","0","0","0","https://x.com/undefined/status/1964226566994419843","2268902413",
"1985472379573903608","Mon Nov 03 22:21:18 +0000 2025","2","Menteri ESDM sudah benar Ada dua jenis utama biofuel yakni terbuat dari tanaman pangan seperti minyak kelapa sawit jagung atau tebu. Kedua biofuel terbuat dari biomassa nonpangan seperti residu kegiatan agrikultur atau limbah aktivitas kehutanan. https://t.co/K2cgf9Nrp5","1985472379573903608","","","in","","0","0","1","https://x.com/undefined/status/1985472379573903608","178237411",
"1980796225348857898","Wed Oct 22 00:39:56 +0000 2025","2","#Kotatinggi Dua individu rentung selepas kereta dinaiki mereka merempuh pokok dan terbakar di kebun kelapa sawit di Jalan Tanjung Balau. https://t.co/qdv62J8Q2u","1980796225348857898","","","in","","0","0","0","https://x.com/undefined/status/1980796225348857898","63070015",
"1974453482079084703","Sat Oct 04 12:36:08 +0000 2025","0","Melalui uji toksisitas semua bisa terdeketsi mulai dari perubahan perilaku hewan uji kerusakan jaringan sampai gangguan organ dalam. Data ini menjadi dasar penting untuk memastikan keamanan produk untuk kesehatan maupun lingkungan https://t.co/2dWnGPKwvl","1974453482079084703","https://pbs.twimg.com/media/G2aq-VPaUAARvV0.jpg","","in","","0","0","0","https://x.com/undefined/status/1974453482079084703","2268902413",
"1987279428863598911","Sun Nov 09 09:32:38 +0000 2025","2","@CNNIndonesia Dia bicara gitu keliatan bener tp liat aja hutan di kalimantan gundul mlh ditanam kelapa sawit","1987453267669045579","","CNNIndonesia","in","","0","0","1","https://x.com/undefined/status/1987453267669045579","1649195910935748609",
"1985539167699575025","Tue Nov 04 02:46:41 +0000 2025","5","https://t.co/Gvr3ZCVGfb terkenal karena kritis.. Sekarang ? Semua akhirnya menyesuaikan diri Nilai kerugian negara terkait perkara korupsi ekspor limbah minyak kelapa sawit atau¬†palm oil mill effluent¬†(POME) tahun 2022 yang kini sedang ditangani pihak Kejaksaan Agung. https://t.co/esUbMVznSZ","1985539167699575025","https://pbs.twimg.com/media/G44NWOHasAAxHqh.jpg","","in","","0","0","3","https://x.com/undefined/status/1985539167699575025","1260061504767836162",
"1986295374626365885","Thu Nov 06 04:51:35 +0000 2025","0","BroSis kira-kira apa yang terkenal di Jalan Rawamangun/Kelapa Sawit? Coba komen! Bagi komen yang menarik akan direview oleh tim BroSisPKU _ Jalan Rawamangun/Kelapa Sawit Tangkerang Labuai Bukit Raya Pekanbaru https://t.co/Q8nuD9fmUn","1986295374626365885","https://pbs.twimg.com/amplify_video_thumb/1986295148922437632/img/QQdjgb8RWkvIxn5t.jpg","","in","","0","0","0","https://x.com/undefined/status/1986295374626365885","2876231563",
"1988889530158498021","Thu Nov 13 08:39:50 +0000 2025","0","Cabaran industri kelapa sawit tuntut pengusaha lebih proaktif https://t.co/7RLu1Xl9FE https://t.co/kvgI2DVf5v","1988889530158498021","https://pbs.twimg.com/media/G5n0ct2aAAAYuIV.jpg","","in","","0","0","0","https://x.com/undefined/status/1988889530158498021","956573006",
"1985717742687961314","Tue Nov 04 14:36:17 +0000 2025","0","Keajaiban Silika untuk Kelapa Sawit : Tingkatkan Produktivitas dan Ketahanan ! https://t.co/VXeD53WVmT","1985717742687961314","","","in","","0","0","0","https://x.com/undefined/status/1985717742687961314","23786106",
"1983073991188459533","Tue Oct 28 07:30:57 +0000 2025","3","PT Tata Hamparan Eka Persada (THEP) bergerak di bidang kelapa sawit membuka kesempatan kerja untuk posisi¬†Asistent Quality Control Mill penempatan HEAD OFFICE di Kepulauan Bangka Belitung. https://t.co/kwVqsEnakc #disnakerbabel https://t.co/068I4fJZO6","1983073991188459533","https://pbs.twimg.com/media/G4VLR87asAMwzO3.jpg","","in","","0","1","3","https://x.com/undefined/status/1983073991188459533","730216604248604672",
"1989227953801294231","Fri Nov 14 07:04:36 +0000 2025","0","TANAH KELAPA SAWIT 3.96 EKAR MUKIM RELAU BANDAR BAHARU KEDAH ========================= UNTUK JUALAN : RM 350 000 ( NEGO ) MV: RM 400 000 ========================= + Geran individu ( 5 penama dan semua setuju jual ) + Tanah pertanian ( kelapa sawit ) + Freehold Rizab Melayu https://t.co/SjCrCX7L0z","1989227953801294231","https://pbs.twimg.com/media/G5soQeIakAADYHJ.jpg","","in","","0","0","0","https://x.com/undefined/status/1989227953801294231","1542779774896336896",
"1980134886066569498","Mon Oct 20 04:52:00 +0000 2025","9","Kejaksaan Agung menyerahkan uang pengganti kerugian negara salam perkara tindak pidana korupsi pemberian fasilitas ekspor Crude Palm Oil (CPO) dan turunannya kepada pelaku industri kelapa sawit kepada Kementerian Keuangan yang dihadiri langsung oleh Presiden Prabowo Subianto di https://t.co/mKg9bfObH3","1980134886066569498","https://pbs.twimg.com/amplify_video_thumb/1980133140245913600/img/8ui0VM5xKj90NLMz.jpg","","in","","2","0","4","https://x.com/undefined/status/1980134886066569498","121640063",
"1968489505901392261","Thu Sep 18 01:37:25 +0000 2025","0"," Elaeidobius serangga kecil yang berperan besar di dunia sawit https://t.co/nC2Awsa5An","1968489505901392261","","","in","","0","0","0","https://x.com/undefined/status/1968489505901392261","2268902413",
"1988848687322394888","Thu Nov 13 05:57:32 +0000 2025","9","Menteri Perladangan dan Komoditi Datuk Seri Johari Abdul Ghani memaklumkan bahawa beliau memohon RM1.4 bilion untuk selamatkan industri kelapa sawit. #SisiTVParlimen #AWANInews #DewanRakyat https://t.co/kzcB8mIHiv","1988848687322394888","https://pbs.twimg.com/amplify_video_thumb/1988823888558714881/img/bPu1z7rYieApVDXg.jpg","","in","","0","0","1","https://x.com/undefined/status/1988848687322394888","497665754",
"1989133698915266903","Fri Nov 14 00:50:04 +0000 2025","0","Emiten perkebunan kelapa sawit PT Sawit Sumbermas Sarana Tbk (SSMS) mencatatkan laba bersih Rp1 triliun sepanjang Januari September 2025. Capaian tersebut naik 64% dibandingkan periode yang sama tahun sebelumnya sebesar Rp609 26 juta. Baca selengkapnya: https://t.co/WnyVZTL8ja https://t.co/7MkVjQkqla","1989133698915266903","https://pbs.twimg.com/media/G5rSjdWacAIadsl.jpg","","in","","0","0","0","https://x.com/undefined/status/1989133698915266903","539575639",
"1985556989439852566","Tue Nov 04 03:57:30 +0000 2025","3","Perdana Menteri Datuk Seri Anwar Ibrahim berkata disebalik tarif AS diturunkan kerajaan lega semikonduktor dan kelapa sawit masih dikecualikan dan kerajaan akan menilai semula dasar jika kos meningkat akibat tarif. #AWANInews #SisiTvParlimen #DewanRakyat https://t.co/ZLErowDa4N","1985556989439852566","https://pbs.twimg.com/amplify_video_thumb/1985546544867856384/img/pKQSRd_kjIxnPOes.jpg","","in","","0","0","2","https://x.com/undefined/status/1985556989439852566","497665754",
"1980804337761923161","Wed Oct 22 01:12:10 +0000 2025","0","Dua rentung kereta langgar pokok terbakar dalam kebun kelapa sawit KOTA TINGGI - Seorang lelaki dan seorang wanita rentung selepas kereta dinaiki mereka melanggar pokok dan terbakar dalam kawasan kebun kelapa sawit di Jalan Tanjung Balau di sini awal pagi Rabu. #SinarHarian https://t.co/QKpQVEJJPp","1980804337761923161","https://pbs.twimg.com/media/G3068OHWUAAdXe9.jpg","","in","","0","2","0","https://x.com/undefined/status/1980804337761923161","331383958",
"1986603649280450884","Fri Nov 07 01:16:33 +0000 2025","34","Sumber bahan 'nabati'nya dari apa aja ga jelas Biasanya bahan 'nabati' BBM itu dari sawit kelapa jarak atau sumber oleokimia lain Ini denger-denger dari limbah pertanian dan pertanian apa ga diketahui. Curiga ini bioefuelnya berupa etanol. Bahenol nabati.","1986603649280450884","","","in","","0","3","4","https://x.com/undefined/status/1986603649280450884","371098995",
"1983541069842452611","Wed Oct 29 14:26:58 +0000 2025","4","#miri Pekerja ladang kelapa sawit maut disambar buaya ketika mengambil air di tebing sungai berhampiran Ladang Tanjung Payung Suai Niah. https://t.co/y5KDHN0eLU","1983541069842452611","","","in","","0","0","0","https://x.com/undefined/status/1983541069842452611","63070015",
"1980818015035052343","Wed Oct 22 02:06:31 +0000 2025","1","Dua individu maut selepas kereta dinaiki mereka terbakar dalam kemalangan di Jalan Tanjung Balau menuju Sedili berhampiran kawasan kebun kelapa sawit di Kota Tinggi awal pagi ini. https://t.co/m5NYUmj1Bz #BernamaNews #kemalangan #maut #keretaterbakar #KotaTinggi https://t.co/YZxaxvj1Js","1980818015035052343","https://pbs.twimg.com/media/G31HMttXcAAMrgz.jpg","","in","","0","0","0","https://x.com/undefined/status/1980818015035052343","106669711",
"1986029003153850728","Wed Nov 05 14:54:10 +0000 2025","5","@idolpolice_ Ini adalah Screew Press Screw Press adalah mesin yang digunakan dalam Pabrik Kelapa Sawit (PKS) untuk memisahkan minyak sawit dari ampasnya Dalam proses pengolahan kelapa sawit Screw Press biasanya digunakan setelah proses pengempaan dan sebelum proses klarifikasi minyak. https://t.co/3FrYYBmHlM","1986084632836886530","https://pbs.twimg.com/media/G4_9b8vbAAIYSj5.jpg","idolpolice_","in","","0","0","2","https://x.com/undefined/status/1986084632836886530","1666728085239238657",
"1986591777407799431","Fri Nov 07 00:29:23 +0000 2025","9","But menurut puak ulama @drzul_albakri bank itu berjual beli kelapa sawit so its not debt economy its sawit economy.","1986591777407799431","","","in","","0","0","1","https://x.com/undefined/status/1986591777407799431","1690700485664391168",
"1984888218551271705","Sun Nov 02 07:40:03 +0000 2025","169","Masakan Nusantara asli itu sebenarnya direbus dikukus dipanggang dibakar dan ditanak. Kalapun ada minyak paling dari kelapa sekadar menumis. Arsik Batak contohnya. Orang luar juga yg membawa dan meracuni kita dng wajan minyak dan puncaknya kelapa sawit. Jadi kalau","1984888218551271705","","","in","","0","5","62","https://x.com/undefined/status/1984888218551271705","15435517",
"1983459808880812206","Wed Oct 29 09:04:03 +0000 2025","140","[Pengkhianat Sebenar Ialah Pembangkang! Pasukan Perunding Penjawat Awam Melaksanakan Urusan Sri Paduka Baganda Demi Malaysia] Tidak hairan bila ada simpatisan komunis amplify fitnah utk sobotaj ekonomi Malaysia. Mereka tak peduli ekonomi PKS pekebun getah &amp; kelapa sawit! https://t.co/DSm4P7oxu5","1983459808880812206","https://pbs.twimg.com/amplify_video_thumb/1983459144335011840/img/mqLjBQYLfvUWo5A2.jpg","","in","","0","2","42","https://x.com/undefined/status/1983459808880812206","20897682",
"1980866225501794359","Wed Oct 22 05:18:05 +0000 2025","2","#KotaTinggi Identiti dua mangsa yang rentung selepas kereta dinaiki merempuh pokok kelapa sawit dan terbakar di Kilometer (KM) 32 Jalan Tanjung Balau-Sedili di sini awal pagi tadi sudah dikenal pasti. https://t.co/8niBCEI4o3","1980866225501794359","","","in","","0","0","0","https://x.com/undefined/status/1980866225501794359","63070015",
"1985869054079615043","Wed Nov 05 00:37:32 +0000 2025","7","Murid 11 tahun ditemukan di pinggir ladang kelapa sawit https://t.co/w9byO3TJMp","1985869054079615043","","","in","","0","0","5","https://x.com/undefined/status/1985869054079615043","18714463",
"1980541695726153897","Tue Oct 21 07:48:31 +0000 2025","0","Kejaksaan Negeri Aceh Tamiang menyerahkan barang bukti berupa lahan perkebunan kelapa sawit PT Desa Jaya Alur Meranti ke Pemerintah Kabupaten Aceh Tamiang #KelapaSawit #AcehTamiang #Serambinews https://t.co/gPlxgI12rT","1980541695726153897","","","in","","0","0","0","https://x.com/undefined/status/1980541695726153897","64635651",
"1989298854965989499","Fri Nov 14 11:46:21 +0000 2025","0","kalo jadi wapres kerjaannya gini2 doang mah mending gua jadi wapres ","1989298854965989499","","","in","","0","0","0","https://x.com/undefined/status/1989298854965989499","1731802675",
"1985937339760459795","Wed Nov 05 05:08:53 +0000 2025","0","ùóúùóª ùóñùóÆùó∫ùóΩùòÇùòÄ ùó•ùó≤ùó∞ùóøùòÇùó∂ùòÅùó∫ùó≤ùóªùòÅ: ùêÅùêÆùê¶ùê¢ùê≠ùêöùê¶ùêö ùêÜùêÆùêßùêöùê£ùêöùê≤ùêö ùêÄùê†ùê´ùê® Hallo SobatKarir! ùêÅùêÆùê¶ùê¢ùê≠ùêöùê¶ùêö ùêÜùêÆùêßùêöùê£ùêöùê≤ùêö ùêÄùê†ùê´ùê® (BGA) perusahaan agribisnis kelapa sawit bergerak di bidang perkebunan dan pabrik pengolahan kelapa sawit di Indonesia. https://t.co/44clpDUXuK","1985937339760459795","https://pbs.twimg.com/media/G493fDDbQAAn-5u.jpg","","in","","0","2","0","https://x.com/undefined/status/1985937339760459795","210723774",
"1989274810741043379","Fri Nov 14 10:19:24 +0000 2025","0","Sekitar 36.185 hektar luas Rawa Tripa sudah menjadi wilayah konsesi empat perusahaan kelapa sawit. Ada PT. Astra Agro Lestari (13.177 ha) PT. Kallista Alam (6.888 ha) PT. Gelora Sawita Makmur (8.604 ha) dan PT. Cemerlang Abadi (7.516 ha).","1989276976398688638","","pantaugambut","in","","0","1","0","https://x.com/undefined/status/1989276976398688638","842297785449775108",
"1989194236697387218","Fri Nov 14 04:51:53 +0000 2025","0","@aylavyual Nama: Christin Ladesta Sinulingga (panggilan Chils) Jenis Kelamin: Perempuan Usia: 25 Pencapaian: Lulus kuliah jadi mandor di perkebunan sawit Hobi: Nonton film baca buku jalan-jalan makan mie ayam Pekerjaan: Mandor di perkebunan kelapa sawit Kalimantan Tengah Masa","1989194552490750203","","aylavyual","in","","0","0","0","https://x.com/undefined/status/1989194552490750203","1720665183188922368",
"1983347085991977109","Wed Oct 29 01:36:08 +0000 2025","41","Selamat Pagi kepada semua kecuali bankers ulama' bank panel syariah bank &amp; pembela bank yang cuba membodohkan Tuhan Yang Maha Mengetahui dengan upacara passing passing kelapa sawit di kaunter Perbankan Islam . Semoga Allah melaknat kalian sekiranya tidak bertaubat. https://t.co/MHSM1ZoNXz","1983347085991977109","https://pbs.twimg.com/media/G4ZDpGJa0AAu1ds.jpg","","in","","0","3","14","https://x.com/undefined/status/1983347085991977109","1438429959463190534",
"1980790397610914292","Wed Oct 22 00:16:46 +0000 2025","2","Dua rentung kereta langgar pokok terbakar dalam kebun kelapa sawit Kedua-dua mangsa terperangkap dalam kereta dan disahkan meninggal dunia di lokasi kejadian - Bomba https://t.co/SdyYDQ2XNJ #SinarHarian #beritaterkini #rentung #kemalangan","1980790397610914292","","","in","","0","0","0","https://x.com/undefined/status/1980790397610914292","331383958",
"1978764500288372951","Thu Oct 16 10:06:35 +0000 2025","5","#AlorSetar Kejadian rogol membabitkan seorang pelajar di sebuah sekolah di Baling yang dilaporkan hari ini dipercayai dilakukan di beberapa lokasi berasingan termasuk dalam kelas dan ladang kelapa sawit. https://t.co/m5SVoU11zQ","1978764500288372951","","","in","","0","0","2","https://x.com/undefined/status/1978764500288372951","63070015",
"1982065421403705416","Sat Oct 25 12:43:16 +0000 2025","1","UPTD PBTP Disbun Kaltim Perbanyak 30.000 Benih Kelapa Sawit Wujudkan Kemandirian Benih Lokal Kalimantan Timur #disbunkaltim #pemprovkaltim #kaltimsuksesmenujugenerasiemas https://t.co/7uTTOLngUO","1982065421403705416","https://pbs.twimg.com/media/G4G1tk4XcAAKk61.jpg","","in","","0","1","0","https://x.com/undefined/status/1982065421403705416","257808117",
"1985692375055024309","Tue Nov 04 12:55:29 +0000 2025","0","Penduduk tanam pokok kelapa sawit di tengah jalan https://t.co/OCdQrnnyYh","1985692375055024309","","","in","","0","0","1","https://x.com/undefined/status/1985692375055024309","822514562",
"1986377600277881298","Thu Nov 06 10:18:43 +0000 2025","7","Selain untuk angkutan penumpang Prabowo menekankan pentingnya kereta api sebagai sarana distribusi hasil bumi seperti kelapa sawit karet kopi hingga nikel guna mengurangi ketergantungan pada transportasi truk yang boros bahan bakar dan merusak jalan. Sebelumnya ia juga","1986377698743394723","","GNFI","in","","0","1","0","https://x.com/undefined/status/1986377698743394723","39677695",
"1980142128241295610","Mon Oct 20 05:20:47 +0000 2025","2","Presiden Prabowo Subianto menghadiri acara penyerahan uang pengganti kerugian negara dalam kasus tindak pidana korupsi pemberian fasilitas ekspor CPO dan turunannya pada industri kelapa sawit tahun 2022 di Kejaksaan Agung Jakarta Senin (20/10). Dalam kesempatan itu Presiden https://t.co/vxuuuQ2evT","1980142128241295610","https://pbs.twimg.com/amplify_video_thumb/1980140783014465536/img/XDWtCKx9KmoHw3ma.jpg","","in","","0","1","0","https://x.com/undefined/status/1980142128241295610","121640063",
"1987684739961274706","Mon Nov 10 00:52:26 +0000 2025","4","Kita perlukan loan riba 100 tahun. Please rangkakan akad penjualan kelapa sawit paling mantap utk loan ini @drzul_albakri","1987684739961274706","","","in","","0","0","1","https://x.com/undefined/status/1987684739961274706","1690700485664391168",
"1983044730062520808","Tue Oct 28 05:34:41 +0000 2025","0","Penertiban lahan perkebunan kelapa sawit perlu dilihat sebagai pembenahan kawasan. Pembenahan itu tak bisa dilakukan sendiri melainkan kolaborasi semua pihak. #Ekonomi #AdadiKompas https://t.co/rK03PUpQoo","1983044730062520808","","","in","","0","0","0","https://x.com/undefined/status/1983044730062520808","255866913",
"1983908208902041814","Thu Oct 30 14:45:50 +0000 2025","1367","Indonesia dilaporkan sedang berusaha berunding untuk mendapatkan Tarif 0 peratus dari US untuk Kelapa Sawit sama seperti Malaysia Malaysia memperoleh tarif import 0 peratus untuk Kelapa Sawit dalam Perjanjian Perdagangan US-Malaysia yang ditandatangani oleh PM Malaysia Datuk","1983908208902041814","","","in","","3","8","359","https://x.com/undefined/status/1983908208902041814","2194068895",
"1987383189879595348","Sun Nov 09 04:54:10 +0000 2025","3","Alhamdulillah puak @drzul_albakri bakal meng-Usul Fiqh jual beli kelapa sawit 50 tahun.","1987383189879595348","","","in","","0","0","1","https://x.com/undefined/status/1987383189879595348","1690700485664391168",
"1985888638434238842","Wed Nov 05 01:55:25 +0000 2025","8","Menurut Dato' Ismail sektor penting seperti kelapa sawit tidak terjejas malah menikmati pengecualian tarif membuktikan Malaysia berjaya mempertahankan kepentingan strategik. Perjanjian tersebut melibatkan 1 711 produk eksport","1985888654250950948","","MyCommuNews0624","in","","0","1","3","https://x.com/undefined/status/1985888654250950948","1801064970337345536",
"1988078951361871898","Tue Nov 11 02:58:53 +0000 2025","11","Real jual beli kelapa sawit bukan berhiyal menipu Tuhan di kaunter perbankan isley https://t.co/zCWLpnnER8","1988078951361871898","https://pbs.twimg.com/ext_tw_video_thumb/1988078930285522951/pu/img/Rej9vwcpKnBAHlP4.jpg","","in","","0","0","4","https://x.com/undefined/status/1988078951361871898","1438429959463190534",
"1972942556767150150","Tue Sep 30 08:32:15 +0000 2025","1","Harga TBS Kelapa Sawit bagi Pekebun Mitra Periode II Bulan September 2025 Selengkapnya https://t.co/c5YOGTEFAl #disbunkaltim #pemprovkaltim #kaltimsuksesmenujugenerasiemas https://t.co/paw1bUqnnn","1972942556767150150","https://pbs.twimg.com/media/G2FMtYtbwAAzS32.jpg","","in","","0","0","0","https://x.com/undefined/status/1972942556767150150","257808117",
"1989155608277446687","Fri Nov 14 02:17:08 +0000 2025","1","Harga TBS Kelapa Sawit bagi Pekebun Mitra Periode I Bulan November 2025 Selengkapnya https://t.co/c5YOGTEFAl #disbunkaltim #pemprovkaltim #kaltimsuksesmenujugenerasiemas https://t.co/P3XLuQTNPH","1989155608277446687","https://pbs.twimg.com/media/G5rmdHcacAEZNFI.jpg","","in","","0","0","0","https://x.com/undefined/status/1989155608277446687","257808117",
"1986710492065505743","Fri Nov 07 12:23:19 +0000 2025","0","@comelbingitz @anis_metropool @LexWu_13 Tidak EUDR tidak mencakup ekspor nikel mentah karena regulasi itu khusus untuk komoditas deforestasi seperti sawit kedelai kakao kopi karet kayu dan daging sapi. Nikel diatur terpisah via EU Battery Regulation yang fokus pada keberlanjutan rantai pasok baterai EV termasuk","1986771445238960298","","comelbingitz","in","","0","1","0","https://x.com/undefined/status/1986771445238960298","1720665183188922368",
"1984865638767063051","Sun Nov 02 06:10:19 +0000 2025","0","Astra Agro Optimalkan Transformasi Digital Menuju Industri Kelapa Sawit Modern dan Berkelanjutan https://t.co/NUTvavZZ7b","1984865638767063051","","","in","","0","0","0","https://x.com/undefined/status/1984865638767063051","89877164",
"1985708524362743853","Tue Nov 04 13:59:39 +0000 2025","2","Mayat reput ditemukan bawah pelepah kelapa sawit #AWANInews #AWANI745 https://t.co/aPWISvLNoi","1985708524362743853","","","in","","1","0","2","https://x.com/undefined/status/1985708524362743853","497665754",
"1988518077307515180","Wed Nov 12 08:03:49 +0000 2025","21","#LokerPam - FORTASBI (Forum Petani Kelapa Sawit Berkelanjutan Indonesia) - Administrasi Project - Bogor https://t.co/8iZOYg2ri4","1988518077307515180","https://pbs.twimg.com/media/G5iipz1bcAA5Uh_.jpg","","in","","0","0","0","https://x.com/undefined/status/1988518077307515180","1069906064756199424",
"1985512193916616824","Tue Nov 04 00:59:30 +0000 2025","8","@Danantara_ri @agrinas_palma @bumn_idn @kementan @KejaksaanRI @Puspen_TNI Pemyitaan kebun kelapa sawit yg disangka melanggar UU sdh dilaksanakan jutaan Ha sdh disita ; pertanyaan nya apa tindak lanjutnya ??","1985512193916616824","","Danantara_ri","in","","1","1","2","https://x.com/undefined/status/1985512193916616824","131814756",
"1986710492065505743","Fri Nov 07 12:20:38 +0000 2025","0","@comelbingitz @anis_metropool @LexWu_13 EU tidak hanya mengkritik Indonesia dan Brasil tapi negara-negara dengan deforestasi tinggi yang ekspor ke UE seperti keduanya sebagai penyumbang utama. Kritik ini terkait EUDR regulasi perdagangan UE yang larang impor produk (sawit kedelai daging) dari lahan deforestasi","1986770769339359544","","comelbingitz","in","","0","1","0","https://x.com/undefined/status/1986770769339359544","1720665183188922368",
"1988906881021046981","Thu Nov 13 09:48:47 +0000 2025","0","Inisiatif itu diambil bagi membantu pekebun kecil mengurus kos operasi dan mengekalkan produktiviti kelapa sawit. 'Yang sahih di RTM' #RTM #BeritaRTM #MalaysiaMadani #TaatSetia #BersamaMALAYSIAKU #RancakkanMADANI #MADANIBekerja https://t.co/CdPiAXmYlR","1988906881021046981","https://pbs.twimg.com/amplify_video_thumb/1988906255956738048/img/P1wwoRjPr-PS81nG.jpg","","in","","0","0","0","https://x.com/undefined/status/1988906881021046981","704725700",
"1987509832522613055","Sun Nov 09 13:17:24 +0000 2025","8","Kalau tak boleh elak declare darurat bedal lah riba tu. Yg selama-lamanya boleh elak adalah menyatakan bahawa riba itu halal kalau disertakan dgn helah kepala laknat Yahudi berlakon berjual beli kelapa sawit.","1987509832522613055","","","in","","0","0","2","https://x.com/undefined/status/1987509832522613055","1690700485664391168",
"1985566391249092770","Tue Nov 04 04:34:52 +0000 2025","83","Salam Islamic Banker &amp; Ulama' Bank tak pernah nampak pun batang hidung korang kat ladang sawit. Tapi dalam akad Islamic financing haramjadah tu banyak betul korang passing passing kelapa sawit. https://t.co/PgiUb8KrHJ","1985566391249092770","https://pbs.twimg.com/ext_tw_video_thumb/1985566304485670912/pu/img/IEjjni5V91sX171a.jpg","","in","","1","3","26","https://x.com/undefined/status/1985566391249092770","1438429959463190534",
"1980802993739173949","Wed Oct 22 01:06:49 +0000 2025","0","Maut terbakar selepas kereta langgar pokok kelapa sawit https://t.co/EDE03sSYLX","1980802993739173949","","","in","","0","0","0","https://x.com/undefined/status/1980802993739173949","42199532",
"1980160339019698656","Mon Oct 20 06:33:09 +0000 2025","2","Presiden Prabowo Subianto menyaksikan langsung penyerahan uang hasil sitaan dalam perkara tindak pidana korupsi pemberian fasilitas ekspor CPO dan turunannya pada industri kelapa sawit tahun 2022 senilai Rp13.255.244.538.149. Penyerahan ini dilakukan oleh Kejaksaan Agung https://t.co/fsEVGq1xy9","1980160339019698656","https://pbs.twimg.com/media/G3rxVZLXsAAEjh1.jpg","","in","","0","0","0","https://x.com/undefined/status/1980160339019698656","46693036",
"1984077143106842658","Fri Oct 31 01:57:07 +0000 2025","96","Pelanggan bank islam pun tak tahu yang mereka kena beli fcpo kelapa sawit dalam akad tawarruq.","1984077143106842658","","","in","","2","2","42","https://x.com/undefined/status/1984077143106842658","1656497209666572288",
"1987100590728749360","Sat Nov 08 10:11:14 +0000 2025","9","Then letaklah kadar riba but kenapa nak jadi bangang ikut ulama berlakon jual beli kelapa sawit spt Yahudi time nak bedal loan riba bank?","1987100590728749360","","","in","","0","0","2","https://x.com/undefined/status/1987100590728749360","1690700485664391168",
"1985156099801280909","Mon Nov 03 01:24:31 +0000 2025","2","'Tunjuk di mana jual negara' Malaysia kekal mempertahankan kepentingan nasional termasuk sektor strategik seperti kelapa sawit yang kekal bebas tarif di bawah perjanjian baharu itu #SinarHarian #jualnegara #kelapasawit https://t.co/KElYxiuDo2","1985156099801280909","","","in","","1","0","0","https://x.com/undefined/status/1985156099801280909","331383958",
"1981764396696371433","Fri Oct 24 16:47:06 +0000 2025","0","Kopdes Merah Putih Bakal Bisa Garap Kebun Kelapa Sawit https://t.co/nHxiM9HiB3","1981764396696371433","","","in","","0","0","0","https://x.com/undefined/status/1981764396696371433","135795460",
"1987005580733784292","Sat Nov 08 03:53:41 +0000 2025","3","Jirayut investasi tanaman kelapa sawit dan durian setelah membeli kebun 8.000 meter di Thailand. https://t.co/D5aNyLpn3K","1987005580733784292","","","in","","0","1","0","https://x.com/undefined/status/1987005580733784292","95579729",
"1980810063301534194","Wed Oct 22 01:34:55 +0000 2025","0","Dua rentung kereta langgar pokok terbakar dalam kebun kelapa sawit Bomba berkata kedua-dua mangsa terperangkap dalam kereta dan disahkan meninggal dunia di lokasi kejadian akibat kebakaran tersebut. Foto: PDRM Artikel: https://t.co/SdyYDQ2XNJ #SinarHarian #beritaterkini https://t.co/pzxtZgDBPX","1980810063301534194","https://pbs.twimg.com/media/G31AMONXIAAhBiv.jpg","","in","","0","0","0","https://x.com/undefined/status/1980810063301534194","331383958",
"1986741861630013609","Sat Nov 08 19:59:29 +0000 2025","4","@Marchfoward klu terlampau kuat pun susah jugak sebab malaysia ni negara pengeksport dan tanaman kontan cam kelapa sawit koko durian kopi dan getah akan terjejas Kalau dpt maintain USD1=RM4 dan SGD1= RM3 pun dah ok sambil kita perkasakan lagi industri hiliran tanaman kontan negara","1987248631183999001","","Marchfoward","in","","0","0","0","https://x.com/undefined/status/1987248631183999001","1675078171971174400",
"1985937948060369223","Wed Nov 05 05:11:18 +0000 2025","0","Identiti mayat wanita reput bawah pelepah kelapa sawit dikenal pasti https://t.co/t61unscbfG","1985937948060369223","","","in","","0","0","0","https://x.com/undefined/status/1985937948060369223","155432431",
"1975380600069464464","Tue Oct 07 02:00:10 +0000 2025","42","Kejaksaan Agung (Kejagung) menyerahkan lahan perkebunan kelapa sawit sitaan negara seluas 1 8 juta hektare kepada PT Agrinas Palma Nusantara untuk dikelola agar dapat meningkatkan pendapatan negara. Baca selengkapnya di: https://t.co/fbdrpWhAKp https://t.co/9XTywQ5e0B","1975380600069464464","https://pbs.twimg.com/media/G2n2MBqWMAAizQc.jpg","","in","","3","6","9","https://x.com/undefined/status/1975380600069464464","41730943",
"1989260754453983516","Fri Nov 14 09:14:57 +0000 2025","0","Indonesia Akan Gunakan Kelapa Sawit untuk Bahan Bakar Pesawat #BahanBakarPesawat #KelapaSawit #AirlanggaHartato https://t.co/1BUMzOCFe6 https://t.co/Flnhi9YaY5","1989260754453983516","https://pbs.twimg.com/media/G5tGHTgbcAA3yvJ.jpg","","in","","0","0","0","https://x.com/undefined/status/1989260754453983516","1964554328649453576",
"1983130278601339197","Tue Oct 28 11:14:37 +0000 2025","113","Mei lalu Askolani baru saja dicopot dari posisi Dirjen Bea Cukai stlh menjabat sejak Maret 2021 periode di mana perkara korupsi ekspor limbah cair kelapa sawit atau POME mulai terjadi. Berharta Rp 51 8 M per Febr. 2023 kini Askolani menduduki posisi Dirjen Perimbangan https://t.co/PX4UFFWJo1","1983130278601339197","https://pbs.twimg.com/media/G4V-d-PbgAAMFXy.jpg","","in","","6","10","46","https://x.com/undefined/status/1983130278601339197","1520253067748585472",
"1978294796587294767","Wed Oct 15 03:00:09 +0000 2025","3","#Beluran Seorang lelaki maut selepas dipercayai tersepit di mesin pengisar di sebuah kilang memproses minyak kelapa sawit di sini awal pagi tadi. https://t.co/kNOCz1tb6q","1978294796587294767","","","in","","0","0","0","https://x.com/undefined/status/1978294796587294767","63070015",
"1981705984461672618","Fri Oct 24 12:54:59 +0000 2025","41","Jaksa mensinyalir ada pejabat Bea Cukai yg membantu ekportir utk menghindari PE maupun pungutan BK dlm ekspor limbah cair kelapa sawit pada 2021-22. Musababnya jumlah ekspor POME yg tdk dipungut BK melonjak sepanjang periode itu yg padahal jumlah produksinya minim. Penyidik https://t.co/pH6BcrdMG6","1981705984461672618","https://pbs.twimg.com/media/G4BvDLXWgAAFWj8.jpg","","in","","3","8","16","https://x.com/undefined/status/1981705984461672618","1520253067748585472",
"1980232425193324764","Mon Oct 20 11:19:35 +0000 2025","1","Nah supaya tumbuh maksimal pola tanamnya juga nggak bisa disamakan untuk tiap varietas yaa PPKS sudah menyiapkan rekomendasi pola tanam terbaik untuk berbagai varietas dan kondisi lahan dari datar berbukit sampai lahan gambut. Yuk simak disiniÔ∏è biar nggak salah tanam! https://t.co/fyLp0PGG1o","1980232425193324764","https://pbs.twimg.com/media/G3sy48YWAAAnTrZ.jpg","","in","","0","0","0","https://x.com/undefined/status/1980232425193324764","2268902413",
"1983400639313883294","Wed Oct 29 05:08:56 +0000 2025","102","Presiden Prabowo Subianto dalam sidang kabinet paripurna di Istana Negara pada Senin (20/10/2025) lalu meminta Menkeu Purbaya untuk menggunakan dana hasil sitaan kasus korupsi ekspor minyak kelapa sawit sebesar Rp 13 2 triliun sebagai dana Lembaga Pengelola Dana Pendidikan https://t.co/zPkPWMFH8K","1983400639313883294","https://pbs.twimg.com/media/G4Z0XXsaEAA9Ea6.jpg","","in","","4","8","38","https://x.com/undefined/status/1983400639313883294","57261519",
"1985930966674678063","Wed Nov 05 04:43:33 +0000 2025","1","#kuantan Identiti mayat seorang wanita yang ditemukan dalam keadaan reput di bawah timbunan pelepah kelapa sawit di kawasan ladang di Batu 19 Jalan Karak-Kuala Pilah dekat Telemong Bentong kelmarin sudah dikenal pasti. https://t.co/sB08NyyVAF","1985930966674678063","","","in","","0","0","0","https://x.com/undefined/status/1985930966674678063","63070015",
"1985716857945669857","Tue Nov 04 14:32:46 +0000 2025","1","Murid lelaki 11 tahun disyaki hilang dari sekolah ditemukan selamat Murid Darjah Lima itu ditemukan di kawasan pinggir ladang kelapa sawit kira-kira 2.5 kilometer dari sekolah. #SinarHarian #beritaterkini #murid #disyakihilang #selamat https://t.co/LVYXhpk4LF","1985716857945669857","","","in","","0","0","0","https://x.com/undefined/status/1985716857945669857","331383958",
"1986316444867727646","Thu Nov 06 06:15:19 +0000 2025","0","Jirayut Investasi Tanam Kelapa Sawit dan Durian Usai Beli Kebun 8.000 Meter https://t.co/zSS18a2lju","1986316444867727646","","","in","","0","0","0","https://x.com/undefined/status/1986316444867727646","137282671",
"1985736606922522823","Tue Nov 04 21:59:11 +0000 2025","3","@SufiDeso @OmJ_J3Nggott @Shanen_AliZain Ya benar. Habitat gajah Sumatra (atau spesies serupa di Indonesia) rusak parah akibat deforestasi untuk perkebunan sawit dan pembangunan manusia sehingga mereka masuk ke pemukiman warga mencari makanan. Ini konflik manusia-satwa yang wajar terjadi tapi solusinya bukan saling","1985829203070370148","","SufiDeso","in","","1","1","0","https://x.com/undefined/status/1985829203070370148","1720665183188922368",
"1982439750222147985","Sun Oct 26 13:30:43 +0000 2025","164","Menteri Perdagangan Pelaburan dan Industri YB Datuk Seri Tengku Zafrul memaklumkan kelapa sawit barangan berasaskan getah koko komponen pesawat dan aeroangkasa serta produk Pharmaseutikal dari Malaysia dikecualikan dari Tarif Import Presiden Trump sebanyak 19 peratus Ini","1982439750222147985","","","in","","2","2","54","https://x.com/undefined/status/1982439750222147985","2194068895",
"1989223518454649128","Fri Nov 14 06:46:59 +0000 2025","0","Indonesia rencana buka 600 ribu hektare lahan baru perkebunan kelapa sawit guna tingkatkan produksi yang stagnan. Ini merupakan ekspansi pertama area perkebunan sawit yang diumumkan sejak moratorium berakhir 4 tahun lalu. Langkah ini bertujuan tingkatkan produksi minyak sawit","1989223518454649128","","","in","","0","0","0","https://x.com/undefined/status/1989223518454649128","145121986",
"1985504264513376619","Tue Nov 04 00:42:04 +0000 2025","5","@txtdrimedia kena tipu lagi sama orang solo","1985507806716526984","","txtdrimedia","in","","0","0","1","https://x.com/undefined/status/1985507806716526984","1731802675",
"1983874026725408801","Thu Oct 30 12:30:01 +0000 2025","13","Menteri Lingkungan Hidup Hanif Faisol Nurofiq soal penertiban kawasan hutan yang menjadi kebun kelapa sawit. Mengandalkan TNI. #TempoPlus https://t.co/R76m5wvnk1","1983874026725408801","","","in","","0","1","3","https://x.com/undefined/status/1983874026725408801","18129942",
"1985899410363203951","Wed Nov 05 02:38:10 +0000 2025","2","Mungkin kena advise beli kelapa sawit ","1985899410363203951","","","in","","0","0","0","https://x.com/undefined/status/1985899410363203951","880626719861874688",
"1987113365894770862","Sat Nov 08 11:01:59 +0000 2025","14","Polri Bea Cukai dan Ditjen Pajak ungkap pelanggaran ekspor produk turunan kelapa sawit dengan sita 87 kontainer di Tanjung Priok. Kontainer yang dilaporkan sebagai fatty matter ternyata mengandung campuran CPO yang wajib dikenai bea keluar. Kasus ini tindak lanjut instruksi https://t.co/NdpUsIP7Av","1987113365894770862","https://pbs.twimg.com/media/G5OlEg_XMAEbUnt.jpg","","in","","1","4","11","https://x.com/undefined/status/1987113365894770862","47596019",
"1987162809281761503","Sat Nov 08 14:18:28 +0000 2025","29","Ahlul riba tak percaya aku dan kawan-kawan aku disini boleh hidup tanpa riba sampai panggil anti-riba tetapi boleh percaya wujud kelapa sawit dalam transaksi padahal tak tengok pun. Bangang.","1987162809281761503","","","in","","1","2","1","https://x.com/undefined/status/1987162809281761503","1710669514269212672",
"1985699397834064327","Tue Nov 04 13:23:23 +0000 2025","1","Mayat reput ditemukan bawah pelepah kelapa sawit #SinarHarian #mayat #reput https://t.co/KjGGRBDDtD","1985699397834064327","https://pbs.twimg.com/media/G46etNmbQAAeudP.jpg","","in","","0","1","0","https://x.com/undefined/status/1985699397834064327","331383958",
"1985429271209300239","Mon Nov 03 19:30:00 +0000 2025","2","#ICYMI 'Tunjuk di mana jual negara' Malaysia kekal mempertahankan kepentingan nasional termasuk sektor strategik seperti kelapa sawit yang kekal bebas tarif di bawah perjanjian baharu itu https://t.co/KElYxiu5yu","1985429271209300239","","","in","","0","0","0","https://x.com/undefined/status/1985429271209300239","331383958",
"1980484188492140775","Tue Oct 21 04:00:00 +0000 2025","0","Presiden Prabowo Subianto hari ini menerima uang pengganti kerugian negara dari kasus korupsi ekspor olahan kelapa sawit CPO dan turunannya. Total kerugian kasus korupsi yang dikembalikan negara menyentuh angka Rp 13 2 triliun.‚Å£ &gt;&gt; https://t.co/Pqb3Qm7hea #detikfinance https://t.co/GTlLiGOgDP","1980484188492140775","https://pbs.twimg.com/media/G3t49ywW8AA9915.jpg","","in","","0","0","0","https://x.com/undefined/status/1980484188492140775","135795460",
"1989002244512182746","Thu Nov 13 16:07:43 +0000 2025","1","Cubaan seleweng tong gas LPG di ladang kelapa sawit gagal #BHkes Pihak berkuasa rampas 120 tong LPG yang dianggarkan bernilai RM17 094 https://t.co/3fpEK9q1HM","1989002244512182746","","","in","","0","1","0","https://x.com/undefined/status/1989002244512182746","63070483",
"1980544581415629015","Tue Oct 21 07:59:59 +0000 2025","0","Anggota Komisi III DPR RI Rudianto Lallo mengatakan pengembalian kerugian negara atas kasus korupsi pemberian fasilitas ekspor minyak kelapa sawit. https://t.co/GEaydHsPUU","1980544581415629015","","","in","","0","0","0","https://x.com/undefined/status/1980544581415629015","18071520",
"1988169822228934674","Tue Nov 11 10:26:48 +0000 2025","2","@bahlul_majnun Dah memang tiada lagi bangang malah laknat dari masuk bank pastu berlakon jual beli kelapa sawit sebab Allah suruh. Memang bangang laknat sahaja yg layak.","1988191671977472370","","bahlul_majnun","in","","0","1","0","https://x.com/undefined/status/1988191671977472370","1690700485664391168",
"1980791263751467438","Wed Oct 22 00:20:13 +0000 2025","0","Dua rentung kereta langgar pokok terbakar dalam kebun kelapa sawit #malaysiagazette https://t.co/ymN4Wwo5ah","1980791263751467438","","","in","","0","1","0","https://x.com/undefined/status/1980791263751467438","1600369057",
"1981660850051293454","Fri Oct 24 09:55:38 +0000 2025","30","Para tersangka teridentifikasi tlh memanipulasi laporan keuangan &amp; nilai aset utk meloloskan kredit pembiayaan ekspor yg diajukan PT Tebo Indah entitas kelapa sawit yg berkantor di Jambi kpd LPEI alias Indonesia Eximbank. Faktanya total harga aset Tebo Indah tdk dapat menutupi https://t.co/yx6qtijO2r","1981660850051293454","https://pbs.twimg.com/media/G4A7-ytWgAARfMz.jpg","","in","","0","0","10","https://x.com/undefined/status/1981660850051293454","1520253067748585472",
"1986333759051079863","Thu Nov 06 07:24:07 +0000 2025","77","Teorinya sbg produk sampingan jumlah komoditas limbah cair kelapa sawit atau Palm Oil Mill Effluent (POME) tdk bakal melampaui besaran produksi minyak mentah kelapa sawit alias CPO. Perbandingannya menurut data Kemenperin tiap 1 ton minyak CPO menghasilkan 2 5 meter kubik https://t.co/RLeojVCepu","1986333759051079863","https://pbs.twimg.com/media/G5DgBEibMAA5gbd.jpg","","in","","2","3","33","https://x.com/undefined/status/1986333759051079863","1520253067748585472",
"1987511229955690843","Sun Nov 09 13:22:58 +0000 2025","8","From transfer kelapa sawit to transfer dosa. Terbaiklah @drzul_albakri @Muzuzxck @kimimpossibler","1987511229955690843","","","in","","0","1","1","https://x.com/undefined/status/1987511229955690843","1690700485664391168",
"1987580430758096969","Sun Nov 09 17:57:56 +0000 2025","4","Isi fendomnya aja bocil-bocil keturunan koruptor njirrr dulu pernah ke spill anaknya bupati yg ngerangkeng pekerja kelapa sawit njirrr","1987580430758096969","","","in","","0","0","2","https://x.com/undefined/status/1987580430758096969","1358562157588140033",
"1989218712818446720","Fri Nov 14 06:27:53 +0000 2025","0","Industri Sawit Disarankan Jadikan EUDR sebagai Peluang Baca selengkapnya di sini: https://t.co/OyIHOYt7In","1989218712818446720","","","in","","0","0","0","https://x.com/undefined/status/1989218712818446720","238091066",
"1987365725359505881","Sun Nov 09 06:58:45 +0000 2025","3","@allevranz @SurayaAOfficial @jameschin110 Hahahaha ko pergi masuk dekat pedalaman ko pergi tengok sana banyak kelapa sawit ..itu semua hartaaaaaa orang yg sakau laa.. pergi jabatan tanah tanya siapa orang nya? orang sabah juga itu ..","1987414539252736395","","allevranz","in","","0","0","0","https://x.com/undefined/status/1987414539252736395","1867743133980930049",
"1985958817285488773","Wed Nov 05 06:34:14 +0000 2025","1","Mayat wanita reput di Telemong disahkan warga Indonesia KUANTAN - Polis mengenal pasti mayat wanita yang ditemukan dalam keadaan reput di bawah longgokan pelepah kelapa sawit di kawasan ladang di Telemong kelmarin sebagai warga Indonesia berusia lingkungan 40 tahun Ketua https://t.co/U4awxWuMmA","1985958817285488773","https://pbs.twimg.com/media/G4-K4kbboAEG72P.png","","in","","0","1","0","https://x.com/undefined/status/1985958817285488773","331383958",
"1980431264692973705","Tue Oct 21 00:29:42 +0000 2025","2","Program khas #AWANIPagi yang dibawakan Kementerian Pendidikan Tinggi kali ini mengetengahkan dua inovasi dari UMS iaitu Fixing-Dye Agent for Denim Fabric &amp; penyelesaian pelepasan air sisa kilang kelapa sawit yang menjana pendapatan kilang. https://t.co/zOhVk1YDUW","1980431264692973705","","","in","","0","0","1","https://x.com/undefined/status/1980431264692973705","497665754",
"1987044741004075207","Sat Nov 08 06:29:18 +0000 2025","23","Cuba tanya mana2 lawyer yang buat conveyancing. Pembeli rumah yg guna Islamic financing mostly tak tahu langsung pasal jual beli kelapa sawit. Bahkan mereka tak peduli pun pasal kelapa sawit. Mereka just nak financing rumah je.","1987044741004075207","","","in","","0","3","8","https://x.com/undefined/status/1987044741004075207","898869419601829888",
"1981646163897160054","Fri Oct 24 08:57:17 +0000 2025","162","Kejaksaan Agung tengah menyelidiki dugaan korupsi ekspor Palm Oil Mill Effluent (POME) yang diduga terjadi sekitar tahun 2022. POME merupakan limbah cair dari pengolahan kelapa sawit yang mengandung senyawa organik dan berpotensi menjadi sumber energi terbarukan. Kapuspenkum https://t.co/LdHRy8Mp34","1981646163897160054","https://pbs.twimg.com/media/G4A4rUJXsAAgRfr.jpg","","in","","5","10","63","https://x.com/undefined/status/1981646163897160054","759692754985242625",
"1988888172550344763","Thu Nov 13 08:34:26 +0000 2025","0","Peristiwa pelecehan terjadi pada 5 Juni 2024 sekitar pukul 11.50 WIB di ruang kerja sebuah kantor perusahaan perkebunan¬†kelapa¬†sawit di Aceh¬†Utara. #Pelecehan #KaryawanBUMN #PerkebunanSawit #Cambuk #BeritaAcehUtara https://t.co/o6FwGbE3nx","1988888172550344763","","","in","","0","0","0","https://x.com/undefined/status/1988888172550344763","64635651",
"1986095704973164889","Fri Nov 07 03:34:10 +0000 2025","3","@holalolalou USA tak banyak import produk kelapa sawit dari Malaysia atau Indonesia. Dari dulu lagi mereka protect industri minyak sayur dan soya tempatan mereka.","1986638279232659551","","holalolalou","in","","0","1","0","https://x.com/undefined/status/1986638279232659551","118326857",
"1988437896748298555","Wed Nov 12 02:45:12 +0000 2025","8"," Loan bank Aik bukan bank islamik tak pakai loan tapi jual beli kelapa sawit tin susu beli rumah lepastu jual harga tinggi ke? Nampak sangat lah niat tu bukan jual beli komoditi atau beli rumah lepastu bank jual harga tinggi tetapi nak loan.","1988437896748298555","","","in","","0","0","1","https://x.com/undefined/status/1988437896748298555","1710669514269212672",
"1985634470712758667","Tue Nov 04 09:05:23 +0000 2025","0","TBS kelapa sawit untuk petani swadaya di Provinsi Riau kembali mengalami penurunan dengan yang tertinggi. https://t.co/hzidrTdVb4","1985634470712758667","","","in","","0","0","0","https://x.com/undefined/status/1985634470712758667","18071520",
